{"cameraMode":{"drawMode":0,"name":"Shaded","section":"Shading Mode"},"sceneLighting":true,"audioPlay":false,"sceneViewState":{"showFog":false,"showMaterialUpdate":false,"showSkybox":false,"showFlares":false,"showImageEffects":false,"showParticleSystems":false},"in2DMode":false,"pivot":{"x":-123.83283233642578,"y":-146.741455078125,"z":-363.7115783691406},"rotation":{"x":-0.030483920127153398,"y":0.9690008759498596,"z":-0.18868114054203034,"w":-0.1565767377614975},"size":234.89297485351563,"orthographic":false}